﻿<?xml version="1.0" encoding="utf-8"?>
<deployment>
  <id>1b107428-db97-40a9-a895-64e638eb709f</id>
  <author>N/A</author>
  <deployer>OneDeploy</deployer>
  <authorEmail>N/A</authorEmail>
  <message>OneDeploy</message>
  <progress></progress>
  <status>Failed</status>
  <statusText>Deployment has been stopped due to SCM container restart. The restart can happen due to a management operation on site. Do not perform a management operation and a deployment operation in quick succession. Adding a small delay can help avoid any conflicts.</statusText>
  <lastSuccessEndTime />
  <receivedTime>2025-07-31T18:38:14.118689Z</receivedTime>
  <startTime>2025-07-31T18:38:15.8991925Z</startTime>
  <endTime>2025-07-31T18:39:34.1959577Z</endTime>
  <complete>True</complete>
  <is_temp>False</is_temp>
  <is_readonly>True</is_readonly>
  <buildSummary />
</deployment>