<step title="Incoming Request" date="2025-07-31T18:37:56.755" instance="6f2978" url="/api/publish?async=true&amp;deployer=GITHUB_ONE_DEPLOY&amp;type=zip&amp;message=%7B%22type%22%3A%22deployment%22%2C%22sha%22%3A%22251a4cbcf3f306293467f3268478b2df66e797b0%22%2C%22repoName%22%3A%22tdevere%2Fdividend-calculator%22%2C%22actor%22%3A%22tdevere%22%2C%22slotName%22%3A%22production%22%2C%22commitMessage%22%3A%22Fix%20auto-fix%20scripts%2C%20add%20missing%20dependency%2C%20and%20enhance%20Copilot%20configuration%22%7D" method="POST" type="request" pid="833,1,17" Host="dividend-calculator-app.scm.azurewebsites.net" User-Agent="GITHUBACTIONS_DeployWebAppToAzure_7f2e414fa86e8951564b9de61818d91c48a056a070ce59f6fa76ca5057d2edb3" Authorization="Bas..." Content-Type="application/octet-stream" Cookie="ARRAffinity=6f2978b61f339eeffd2de0fbd1035abfc785be48acaa2538361e33d044856829;Path=/;HttpOnly;Secure;Domain=dividend-calculator-app.scm.azurewebsites.net; ARRAffinitySameSite=6f2978b61f339eeffd2de0fbd1035abfc785be48acaa2538361e33d044856829;Path=/;HttpOnly;SameSite=None;Secure;Domain=dividend-calculator-app.scm.azurewebsites.net" Transfer-Encoding="chunked" X-ARR-LOG-ID="4c0485fc-b866-4319-b728-82df2c8c6369" CLIENT-IP="57.154.243.176:31682" X-SITE-DEPLOYMENT-ID="dividend-calculator-app" WAS-DEFAULT-HOSTNAME="dividend-calculator-app.scm.azurewebsites.net" X-Forwarded-Proto="https" X-AppService-Proto="https" X-Forwarded-TlsVersion="1.3" X-WAWS-Unencoded-URL="/api/publish?async=true&amp;deployer=GITHUB_ONE_DEPLOY&amp;type=zip&amp;message=%7B%22type%22%3A%22deployment%22%2C%22sha%22%3A%22251a4cbcf3f306293467f3268478b2df66e797b0%22%2C%22repoName%22%3A%22tdevere%2Fdividend-calculator%22%2C%22actor%22%3A%22tdevere%22%2C%22slotName%22%3A%22production%22%2C%22commitMessage%22%3A%22Fix%20auto-fix%20scripts%2C%20add%20missing%20dependency%2C%20and%20enhance%20Copilot%20configuration%22%7D" X-Client-IP="57.154.243.176" X-Client-Port="31682" >
  <step title="OneDeploy" date="2025-07-31T18:37:57.269" >
    <step title="None repository commit" date="2025-07-31T18:37:57.430" >
      <step title="Commit id: 1b107428-db97-40a9-a895-64e638eb709f" date="2025-07-31T18:37:57.450" Message="N/A" AuthorName="N/A" AuthorEmail="N/A" /><!-- duration: 19ms -->
    </step><!-- duration: 68ms -->
    <step title="Starting PushDeployAsync" date="2025-07-31T18:37:57.536" /><!-- duration: 19ms -->
    <step title="Writing artifact to /tmp/zipdeploy/3f137e94-a024-484d-93c0-d2b368cd7735.zip" date="2025-07-31T18:37:57.780" >
      <step title="Writing multipart request body to /tmp/zipdeploy/3f137e94-a024-484d-93c0-d2b368cd7735.zip" date="2025-07-31T18:37:57.837" /><!-- duration: 19ms -->
    </step><!-- duration: 1166ms -->
    <step title="Start deployment in the background" date="2025-07-31T18:37:59.152" >
      <step title="Acquiring Deployment Lock" date="2025-07-31T18:37:59.512" /><!-- duration: 156ms -->
      <step title="Acquired Deployment Lock" date="2025-07-31T18:38:00.467" /><!-- duration: 47ms -->
    </step><!-- duration: 2432ms -->
  </step><!-- duration: 4608ms -->
  <step title="Outgoing response" date="2025-07-31T18:38:02.283" type="response" statusCode="202" statusText="Accepted" /><!-- duration: 21ms -->
</step><!-- duration: 5575ms -->
