<step title="BackgroundTrace" date="2025-07-31T18:37:59.192" instance="6f2978" url="/api/publish" method="POST" >
  <step title="Cleanup Xml Logs" date="2025-07-31T18:37:59.209" /><!-- duration: 21ms -->
  <step title="Creating temporary deployment - FetchDeploymentManager" date="2025-07-31T18:38:00.621" /><!-- duration: 18ms -->
  <step title="Creating temporary deployment" date="2025-07-31T18:38:00.676" /><!-- duration: 763ms -->
  <step title="Performing fetch based deployment" date="2025-07-31T18:38:02.989" >
    <step title="Cleaning up temp folders from previous zip deployments and extracting pushed zip file /tmp/zipdeploy/3f137e94-a024-484d-93c0-d2b368cd7735.zip (0.27 MB) to /tmp/zipdeploy/extracted" date="2025-07-31T18:38:07.002" >
      <step title="ChmodRecursive Process exited with total time taken in ms: 527" date="2025-07-31T18:38:11.281" /><!-- duration: 145ms -->
    </step><!-- duration: 4471ms -->
    <step title="Deployment timer started" date="2025-07-31T18:38:13.690" >
      <step title="DeploymentManager.Deploy(id:1b107428-db97-40a9-a895-64e638eb709f)" date="2025-07-31T18:38:13.768" >
        <step title="Collecting changeset information" date="2025-07-31T18:38:13.917" /><!-- duration: 282ms -->
        <step title="Updating submodules" date="2025-07-31T18:38:14.245" /><!-- duration: 1419ms -->
        <step title="Determining deployment builder" date="2025-07-31T18:38:16.007" >
          <step title="Builder is OryxBuilder" date="2025-07-31T18:38:16.083" /><!-- duration: 57ms -->
        </step><!-- duration: 153ms -->
        <step title="PreDeployment: context.CleanOutputPath False" date="2025-07-31T18:38:16.277" >
          <step title="PreDeployment: context.OutputPath /home/site/wwwroot" date="2025-07-31T18:38:16.574" >
            <step title="Building" date="2025-07-31T18:38:17.061" >
              <step title="Executing external process" date="2025-07-31T18:38:18.182" type="process" path="bash" arguments="-c &quot;oryx build /tmp/zipdeploy/extracted -o /home/site/wwwroot --platform nodejs --platform-version 20 -p virtualenv_name= --log-file /tmp/build-debug.log  -i /tmp/8ddd06169cb1f1e -p compress_node_modules=tar-gz | tee /tmp/oryx-build.log ; exit $PIPESTATUS &quot;" 